IKO Brampton,AA,http://operations.connect.na.local/support/Reliability/IKOBrampton/BramptonAssetDocuments
Calgary,BA,http://operations.connect.na.local/support/Reliability/IKOCalgary/CalgaryAssetDocuments
Hagerstown,BL,http://operations.connect.na.local/support/Reliability/Snowman/PlantAssetDocs
Kankakee,CA,http://operations.connect.na.local/support/Reliability/IKOKankakee/KankakeeAssetDocuments
Wilmington,GA,http://operations.connect.na.local/support/Reliability/IKOWilmington/PlantAssetDocs
Sumas,GC,http://operations.connect.na.local/support/Reliability/IKOSumas/Sumas Asset Documents
Ashcroft,GE,http://operations.connect.na.local/support/Reliability/IKOAshcroft/PlantAssetDocs
Hawkesbury,GH,http://operations.connect.na.local/support/Reliability/IKOHawkesbury/HawkesburyAssetDocuments
Madoc,GI,http://operations.connect.na.local/support/Reliability/IKOMadoc/PlantAssetDocs
Bramcal,GR,http://operations.connect.na.local/support/Reliability/Bramcal/Plant%20Asset%20Documents
Texas/Southwest,GV,http://operations.connect.na.local/support/Reliability/IKOSouthwest/PlantAssetDocs
Senica/Slovakia,PBM,http://operations.connect.na.local/support/Reliability/IKOSlovakia/PlantAssetDocs
IG Brampton,GK,http://operations.connect.na.local/support/Reliability/IGBrampton/IGBramptonAssetDocuments
Sylacauga,GS,http://operations.connect.na.local/support/Reliability/IKOSylacauga/SylacaugaAssetDocuments
CRC Toronto,GJ,http://operations.connect.na.local/support/Reliability/CRCToronto/PlantAssetDocs
Appley Bridge,CAM,http://operations.connect.na.local/support/Reliability/AppleyBridge/PlantAssetDocs
Alconbury,RAM,http://operations.connect.na.local/support/Reliability/Alconbury/PlantAssetDocuments
